pair_id,company_a_global_id,company_b_global_id,current_identity_state_a,current_identity_state_b,source_id,assisted_bucket
FZ-00116-312020-563253,b1934cd1-6fa7-48e3-9a98-ee4864327d77,,DETERMINISTIC_SINGLE_SOURCE,,NCNP,ESCALATE
FZ-00120-314207-565434,870a89ef-90a2-48c6-89a5-3507a3e0d9ef,,DETERMINISTIC_SINGLE_SOURCE,,NCNP,ESCALATE
FZ-00153-313219-564446,ed20fbcb-6a35-4110-8801-e135f983db3d,,DETERMINISTIC_SINGLE_SOURCE,,NCNP,ESCALATE
FZ-00240-311374-562610,97aeb3d8-008a-4bf7-a6e7-2d1419a37d26,,DETERMINISTIC_SINGLE_SOURCE,,NCNP,ESCALATE
FZ-00503-190886-311458,af6af96d-6f28-4354-813b-200193010fd3,96b04e72-2c09-4698-b1ec-5e540bd5ccd6,NO_VERIFIABLE_IDENTITY,DETERMINISTIC_SINGLE_SOURCE,Saudi Companies Directory,ESCALATE
FZ-00506-311458-519183,96b04e72-2c09-4698-b1ec-5e540bd5ccd6,,DETERMINISTIC_SINGLE_SOURCE,,NCNP,ESCALATE
FZ-00507-311458-562693,96b04e72-2c09-4698-b1ec-5e540bd5ccd6,,DETERMINISTIC_SINGLE_SOURCE,,NCNP,ESCALATE
FZ-00572-311560-562794,b34f8ad9-80b5-4605-bde7-07d40c55143f,,DETERMINISTIC_SINGLE_SOURCE,,NCNP,ESCALATE
FZ-00743-313118-564345,51a9d7e1-6bc3-4918-8ccd-cec970dde206,,DETERMINISTIC_SINGLE_SOURCE,,NCNP,ESCALATE
FZ-01128-311980-563214,8564912a-db90-4551-8a7d-0c1e82818c10,,DETERMINISTIC_SINGLE_SOURCE,,NCNP,ESCALATE
FZ-01463-292481-552386,db72398d-aec8-4e36-830d-35e60389b7a1,,DETERMINISTIC_SINGLE_SOURCE,,SFDA,ESCALATE
FZ-01464-292519-552409,54a3f735-a96e-4cd5-b210-8893767c4270,,DETERMINISTIC_SINGLE_SOURCE,,SFDA,ESCALATE
FZ-01485-300273-555689,bc31a7fa-b0d6-4927-a06f-0768a6eb63aa,,DETERMINISTIC_SINGLE_SOURCE,,SFDA,ESCALATE
FZ-01486-286741-549857,6635646f-9b29-4e3a-a4f8-e616828d31a0,,DETERMINISTIC_SINGLE_SOURCE,,SFDA,ESCALATE
FZ-01487-299928-555512,6018aca3-0479-463b-8af4-710f407b8166,,DETERMINISTIC_SINGLE_SOURCE,,SFDA,ESCALATE
FZ-01488-287241-550029,8e6badfe-7f1a-404b-87ea-abaeeae4a6d8,,DETERMINISTIC_SINGLE_SOURCE,,SFDA,ESCALATE
FZ-01489-297080-554329,f38020a8-f0e7-4b7d-a01b-09592b948be0,,DETERMINISTIC_SINGLE_SOURCE,,SFDA,ESCALATE
FZ-01504-304388-557403,3e780a35-4ec4-4108-a2c6-1ecf2d6f3647,,DETERMINISTIC_SINGLE_SOURCE,,SFDA,ESCALATE
FZ-01512-304999-557667,7ee2a08e-2bd4-48ad-b603-053af47a69e1,,DETERMINISTIC_SINGLE_SOURCE,,SFDA,ESCALATE
FZ-01519-292488-552393,eec2f3d6-998e-4727-9db1-cda54b784aa3,,DETERMINISTIC_SINGLE_SOURCE,,SFDA,ESCALATE
FZ-01523-300854-555903,5351602b-f24c-4920-ac88-9716581e052c,,DETERMINISTIC_SINGLE_SOURCE,,SFDA,ESCALATE
FZ-01525-290511-551320,9f2a78d3-f201-4f64-8d6c-21d7c8ba9cf0,,DETERMINISTIC_SINGLE_SOURCE,,SFDA,ESCALATE
FZ-01527-301068-555985,6b137dd5-7c9c-4e1a-bfef-3f6b2469546e,,DETERMINISTIC_SINGLE_SOURCE,,SFDA,ESCALATE
FZ-01528-288205-550469,fb2d5c18-0841-4f45-b33d-f1f9a860b5af,,DETERMINISTIC_SINGLE_SOURCE,,SFDA,ESCALATE
FZ-01529-288251-550492,c1d72bb2-54ed-4bbe-9296-06bc73f12d71,,DETERMINISTIC_SINGLE_SOURCE,,SFDA,ESCALATE
FZ-01530-302711-556671,60c7a462-49dc-4056-a7e3-d82b2c9ad983,,DETERMINISTIC_SINGLE_SOURCE,,SFDA,ESCALATE
FZ-01531-288401-298731,c18e0f74-a76c-4a09-9c39-3acd21cf612c,4b2bc23d-15dc-4826-b95d-3e377bad1b5a,DETERMINISTIC_SINGLE_SOURCE,DETERMINISTIC_SINGLE_SOURCE,SFDA,HIGH_SEPARATE_CANDIDATE
FZ-01532-291800-551966,7dc4fb40-4676-4bfc-a757-b89f37a296c6,,DETERMINISTIC_SINGLE_SOURCE,,SFDA,ESCALATE
FZ-01533-300448-555726,dfbb3f1d-2db9-46f7-b2f4-af5a5557f46b,,DETERMINISTIC_SINGLE_SOURCE,,SFDA,ESCALATE
FZ-01535-299735-555418,d90e28b9-0af5-4e6c-b063-ab7dc493296a,,DETERMINISTIC_SINGLE_SOURCE,,SFDA,ESCALATE
FZ-01536-293479-552856,a8d661fe-954b-490b-8756-fd07cad3c3be,,DETERMINISTIC_SINGLE_SOURCE,,SFDA,ESCALATE
FZ-01537-293480-552857,26458ad7-a048-4c12-949e-b600f977614f,,DETERMINISTIC_SINGLE_SOURCE,,SFDA,ESCALATE
FZ-01539-295175-553611,d718e965-bf72-471c-a4a6-82e6b1ccde73,,DETERMINISTIC_SINGLE_SOURCE,,SFDA,ESCALATE
FZ-01540-298449-554877,c1813ee5-61d9-460b-ad9d-b2f341ea7c7e,,DETERMINISTIC_SINGLE_SOURCE,,SFDA,ESCALATE
FZ-01548-286401-286407,cf8a2fbc-419f-4979-be31-22332aae1168,d6777b34-3e6b-49c6-8a1c-40dd669aac18,DETERMINISTIC_SINGLE_SOURCE,DETERMINISTIC_SINGLE_SOURCE,SFDA,HIGH_SEPARATE_CANDIDATE
FZ-01549-286401-549729,cf8a2fbc-419f-4979-be31-22332aae1168,,DETERMINISTIC_SINGLE_SOURCE,,SFDA,ESCALATE
FZ-01550-286401-549734,cf8a2fbc-419f-4979-be31-22332aae1168,,DETERMINISTIC_SINGLE_SOURCE,,SFDA,ESCALATE
FZ-01551-286407-549729,d6777b34-3e6b-49c6-8a1c-40dd669aac18,,DETERMINISTIC_SINGLE_SOURCE,,SFDA,ESCALATE
FZ-01552-286407-549734,d6777b34-3e6b-49c6-8a1c-40dd669aac18,,DETERMINISTIC_SINGLE_SOURCE,,SFDA,ESCALATE
FZ-01555-296699-554106,d59d8421-1148-49f9-be3b-bc42a9eb6892,,DETERMINISTIC_SINGLE_SOURCE,,SFDA,ESCALATE
FZ-01557-297613-554574,aba366af-4108-4a60-b02a-35ecb7ac0abf,,DETERMINISTIC_SINGLE_SOURCE,,SFDA,ESCALATE
FZ-01560-296484-554000,3c4e952e-b9a2-4852-abb9-a60d9553c637,,DETERMINISTIC_SINGLE_SOURCE,,SFDA,ESCALATE
FZ-01561-305013-557674,f24774db-3af1-41ef-aa29-3c47148e684c,,DETERMINISTIC_SINGLE_SOURCE,,SFDA,ESCALATE
FZ-01562-295026-553535,d838888f-2c1a-4334-be2c-16e4763e8465,,DETERMINISTIC_SINGLE_SOURCE,,SFDA,ESCALATE
FZ-01563-297074-554324,b592e0bf-7f62-459a-b6d4-e4f6dcd4853a,,DETERMINISTIC_SINGLE_SOURCE,,SFDA,ESCALATE
FZ-01564-304389-557404,c1d601f0-a4eb-4031-ab32-5834cd294e86,,DETERMINISTIC_SINGLE_SOURCE,,SFDA,ESCALATE
FZ-01610-292490-552395,4149d89e-8769-4366-8fac-30c0e9b5e70f,,DETERMINISTIC_SINGLE_SOURCE,,SFDA,ESCALATE
FZ-01620-290512-551321,cba28041-2202-4add-9ab3-2f0827ec5e88,,DETERMINISTIC_SINGLE_SOURCE,,SFDA,ESCALATE
FZ-01622-287801-550294,1bc4f513-fc4f-4d7a-be12-e43a041980a8,,DETERMINISTIC_SINGLE_SOURCE,,SFDA,ESCALATE
FZ-01623-291496-551824,aefc36aa-5714-4c60-8755-34ce18546790,,DETERMINISTIC_SINGLE_SOURCE,,SFDA,ESCALATE
FZ-01624-284416-287715,db07eb02-255e-4d15-b6ff-fbf6bb910f67,6d4f3210-360b-452c-a3cb-fdff8a94d46d,REVIEW_REQUIRED,DETERMINISTIC_SINGLE_SOURCE,Suppliers,ESCALATE
FZ-01626-287715-489712,6d4f3210-360b-452c-a3cb-fdff8a94d46d,,DETERMINISTIC_SINGLE_SOURCE,,SFDA,ESCALATE
FZ-01628-294085-553082,321f9a04-64ce-453d-a737-c66999663ada,,DETERMINISTIC_SINGLE_SOURCE,,SFDA,ESCALATE
FZ-01635-291218-401955,696549c4-ea8c-43d9-ac12-9019bf1ee265,,DETERMINISTIC_SINGLE_SOURCE,,SFDA,ESCALATE
FZ-01636-287948-550359,67b5c7e2-f466-4109-880a-9bb3caada8b4,,DETERMINISTIC_SINGLE_SOURCE,,SFDA,ESCALATE
FZ-01637-286748-549864,23120620-cc4f-4ab3-aff3-976cef2a87b6,,DETERMINISTIC_SINGLE_SOURCE,,SFDA,ESCALATE
FZ-01638-302560-556627,4f5be92e-65f6-4fdd-814b-ac337c705338,,DETERMINISTIC_SINGLE_SOURCE,,SFDA,ESCALATE
FZ-01641-287033-549968,7550063d-8def-4814-b6fa-b9a97e9f7caf,,DETERMINISTIC_SINGLE_SOURCE,,SFDA,ESCALATE
FZ-01645-287130-531212,767afc4b-4bb5-4278-acba-644635a8c1f8,,DETERMINISTIC_SINGLE_SOURCE,,SFDA,ESCALATE
FZ-01648-288112-550423,274e94d1-1cf2-44b3-869b-e44c36743d6b,,DETERMINISTIC_SINGLE_SOURCE,,SFDA,ESCALATE
FZ-01649-288120-550426,96468b3a-6510-4e71-98cf-fa90f683e5b3,,DETERMINISTIC_SINGLE_SOURCE,,SFDA,ESCALATE
FZ-01652-288624-550647,29d64715-ab92-467c-a3bc-f8a2aac9a07d,,DETERMINISTIC_SINGLE_SOURCE,,SFDA,ESCALATE
FZ-01660-289869-551066,e872b310-c852-4757-ad44-c41774b768b5,,DETERMINISTIC_SINGLE_SOURCE,,SFDA,ESCALATE
FZ-01661-289933-551098,9c5bc1cd-d466-4dec-b782-49468df5a49f,,DETERMINISTIC_SINGLE_SOURCE,,SFDA,ESCALATE
FZ-01662-290637-523091,9c07464a-5d96-49c8-ab1c-daba965827cf,,DETERMINISTIC_SINGLE_SOURCE,,SFDA,ESCALATE
FZ-01668-300265-555682,8d777b7c-9a6e-4eae-8433-1a332523738b,,DETERMINISTIC_SINGLE_SOURCE,,SFDA,ESCALATE
FZ-01669-299977-555546,068875de-388b-48e5-a176-9d755340f32f,,DETERMINISTIC_SINGLE_SOURCE,,SFDA,ESCALATE
FZ-01671-305020-557675,dd2e330b-2f79-49fa-bc39-47f22c33ea2a,,DETERMINISTIC_SINGLE_SOURCE,,SFDA,ESCALATE
FZ-01672-292747-552518,6954e12e-24ce-49b9-97a4-060dcdf3a4e1,,DETERMINISTIC_SINGLE_SOURCE,,SFDA,ESCALATE
FZ-01677-289675-551042,9625bf3c-a778-4af8-b69a-318424b14843,,DETERMINISTIC_SINGLE_SOURCE,,SFDA,ESCALATE
FZ-01683-303565-557043,6457f0d5-28c4-4cfd-b74f-c7be06e680f5,,DETERMINISTIC_SINGLE_SOURCE,,SFDA,ESCALATE
FZ-01687-299574-555345,2b918a6f-7fca-4398-9458-2a7d722be408,,DETERMINISTIC_SINGLE_SOURCE,,SFDA,ESCALATE
FZ-01688-299574-555350,2b918a6f-7fca-4398-9458-2a7d722be408,,DETERMINISTIC_SINGLE_SOURCE,,SFDA,ESCALATE
FZ-01697-240249-299346,a30f2b51-ffd8-45c1-b370-409fbc897726,86ce973b-0eaa-468b-86b0-50bb0b734df7,REVIEW_REQUIRED,DETERMINISTIC_SINGLE_SOURCE,Contractors,ESCALATE
FZ-01723-301466-556145,d7357df0-21c4-4f73-a86d-6b1d2f81e3fd,,DETERMINISTIC_SINGLE_SOURCE,,SFDA,ESCALATE
FZ-01724-298499-554893,4ec1c696-baee-40af-bfdd-f6898a307565,,DETERMINISTIC_SINGLE_SOURCE,,SFDA,ESCALATE
FZ-01725-290079-551142,0b68b6d4-f9d4-4ab6-b2f7-edecd074007d,,DETERMINISTIC_SINGLE_SOURCE,,SFDA,ESCALATE
FZ-01734-294593-553297,9c2adfe3-4ed5-41e6-bc3e-4d183f85a6fd,,DETERMINISTIC_SINGLE_SOURCE,,SFDA,ESCALATE
FZ-01735-292359-483389,512070ea-835d-407f-be26-b6fdba9c77d6,,DETERMINISTIC_SINGLE_SOURCE,,SFDA,ESCALATE
FZ-01736-301028-555962,313a6e39-9e64-4e85-9ecb-924bea2531ac,,DETERMINISTIC_SINGLE_SOURCE,,SFDA,ESCALATE
FZ-01737-304279-557369,72e5517d-b92b-4d3a-92e3-c0bf746a8469,,DETERMINISTIC_SINGLE_SOURCE,,SFDA,ESCALATE
FZ-01741-295544-553759,31a21701-74b6-4be3-84c0-f229cd25d05f,,DETERMINISTIC_SINGLE_SOURCE,,SFDA,ESCALATE
FZ-01744-287482-550133,c8ed89f0-fdac-4013-9d7a-c4373dd871f9,,DETERMINISTIC_SINGLE_SOURCE,,SFDA,ESCALATE
FZ-01745-300616-555780,4c69bc34-43df-48c2-ba11-5d3e3e6a8e9b,,DETERMINISTIC_SINGLE_SOURCE,,SFDA,ESCALATE
FZ-01756-295337-553672,6efa8558-5a36-46be-928e-2e823250d64f,,DETERMINISTIC_SINGLE_SOURCE,,SFDA,ESCALATE
FZ-01757-299313-555211,945932ff-cf24-4064-a3a1-12a76b772620,,DETERMINISTIC_SINGLE_SOURCE,,SFDA,ESCALATE
FZ-01759-296416-553976,81eb9856-5084-4a40-9f22-f9975ae62ee1,,DETERMINISTIC_SINGLE_SOURCE,,SFDA,ESCALATE
FZ-01760-295376-485175,cf71ade5-7a9b-4e78-8279-97d708728b70,,DETERMINISTIC_SINGLE_SOURCE,,SFDA,ESCALATE
FZ-01761-299540-555336,4925effd-e0a1-4332-8118-83276ef00841,,DETERMINISTIC_SINGLE_SOURCE,,SFDA,ESCALATE
FZ-01762-301439-556132,cbe02c77-0392-4a38-9201-43f5c0e732b6,,DETERMINISTIC_SINGLE_SOURCE,,SFDA,ESCALATE
FZ-01763-302022-556369,93a83231-93e9-4524-b3eb-0974861272ea,,DETERMINISTIC_SINGLE_SOURCE,,SFDA,ESCALATE
FZ-02330-298990-340864,0589a215-927d-4506-87dc-9776900e759c,,DETERMINISTIC_SINGLE_SOURCE,,SFDA,ESCALATE
FZ-02345-303180-556873,6e597c5a-aa56-46d1-8408-604edc6aec84,,DETERMINISTIC_SINGLE_SOURCE,,SFDA,ESCALATE
FZ-02346-303277-556914,e3841873-a81e-4114-a7d4-2dfe936d3350,,DETERMINISTIC_SINGLE_SOURCE,,SFDA,ESCALATE
FZ-02351-293746-552932,27c6669d-70ea-4fe5-a213-3ff3cef69188,,DETERMINISTIC_SINGLE_SOURCE,,SFDA,ESCALATE
FZ-02355-304914-557630,d0faf5f3-59f0-49ef-a854-b84129e0a7c6,,DETERMINISTIC_SINGLE_SOURCE,,SFDA,ESCALATE
FZ-02364-291425-551783,4e4fedd7-b358-4257-8337-1e198f86f801,,DETERMINISTIC_SINGLE_SOURCE,,SFDA,ESCALATE
FZ-02366-300830-555891,06cd3b6d-baea-413c-a7e1-40efc42026b5,,DETERMINISTIC_SINGLE_SOURCE,,SFDA,ESCALATE
FZ-02376-293102-552697,3ae3c606-dc97-4b1b-9db9-b6e47cf36cc7,,DETERMINISTIC_SINGLE_SOURCE,,SFDA,ESCALATE
FZ-02378-292483-292518,1e69f5c6-f8d8-4508-a29f-8c331720d0c4,15d94e07-9fcb-488f-a325-dd937db827a8,DETERMINISTIC_SINGLE_SOURCE,DETERMINISTIC_SINGLE_SOURCE,SFDA,HIGH_SEPARATE_CANDIDATE
FZ-02379-292483-552388,1e69f5c6-f8d8-4508-a29f-8c331720d0c4,,DETERMINISTIC_SINGLE_SOURCE,,SFDA,ESCALATE
FZ-02380-292483-552408,1e69f5c6-f8d8-4508-a29f-8c331720d0c4,,DETERMINISTIC_SINGLE_SOURCE,,SFDA,ESCALATE
FZ-02381-292518-552388,15d94e07-9fcb-488f-a325-dd937db827a8,,DETERMINISTIC_SINGLE_SOURCE,,SFDA,ESCALATE
FZ-02382-292518-552408,15d94e07-9fcb-488f-a325-dd937db827a8,,DETERMINISTIC_SINGLE_SOURCE,,SFDA,ESCALATE
FZ-02385-290538-551339,0d00a858-11d1-45cf-b68f-ccd1bda250c7,,DETERMINISTIC_SINGLE_SOURCE,,SFDA,ESCALATE
FZ-02386-298099-554748,b54b2fb5-9b12-4a3e-af03-c318a52c12fe,,DETERMINISTIC_SINGLE_SOURCE,,SFDA,ESCALATE
FZ-02387-304998-557666,7c5e81ec-ac9f-40b4-afcf-a7db55ae9cf6,,DETERMINISTIC_SINGLE_SOURCE,,SFDA,ESCALATE
FZ-02388-289040-550783,72e928c7-67aa-4bdd-bf11-c0be5afe34c2,,DETERMINISTIC_SINGLE_SOURCE,,SFDA,ESCALATE
FZ-02389-290123-551158,8c665ee7-f15e-4cd5-ac78-db57e1ec957d,,DETERMINISTIC_SINGLE_SOURCE,,SFDA,ESCALATE
FZ-02390-293268-516738,86938b54-9be4-4c6c-b116-53f4a006d93a,,DETERMINISTIC_SINGLE_SOURCE,,SFDA,ESCALATE
FZ-02391-296659-554081,ea91cd59-01ac-4ec1-bb2f-f761a5f49018,,DETERMINISTIC_SINGLE_SOURCE,,SFDA,ESCALATE
FZ-02392-289491-346178,4cb1665d-6e20-411e-9071-217f37bf1bea,,DETERMINISTIC_SINGLE_SOURCE,,SFDA,ESCALATE
FZ-02397-300887-555913,12239b23-85d3-4ec1-ae7c-01cc43bb3e89,,DETERMINISTIC_SINGLE_SOURCE,,SFDA,ESCALATE
FZ-02400-294263-553143,21376fd8-d72f-4e2d-8e07-838c214484d0,,DETERMINISTIC_SINGLE_SOURCE,,SFDA,ESCALATE
FZ-02401-298890-555068,3df03305-f481-4216-9481-ee900c19037e,,DETERMINISTIC_SINGLE_SOURCE,,SFDA,ESCALATE
FZ-02408-293094-552694,97fa89af-e29c-42a5-9e2e-4f425bbb6a4f,,DETERMINISTIC_SINGLE_SOURCE,,SFDA,ESCALATE
FZ-02409-297267-554414,0a338689-740a-4a9d-8c55-6a2ad4a84ee2,,DETERMINISTIC_SINGLE_SOURCE,,SFDA,ESCALATE
FZ-02415-301721-556285,78668bde-c386-47ac-86c3-de0024129a1c,,DETERMINISTIC_SINGLE_SOURCE,,SFDA,ESCALATE
FZ-02416-301420-556126,dd642cba-ffe9-4afb-b34b-4db84736f280,,DETERMINISTIC_SINGLE_SOURCE,,SFDA,ESCALATE
FZ-02417-301420-556148,dd642cba-ffe9-4afb-b34b-4db84736f280,,DETERMINISTIC_SINGLE_SOURCE,,SFDA,ESCALATE
FZ-02420-295112-553580,1d070806-00a4-4527-b78f-757581f7ad3c,,DETERMINISTIC_SINGLE_SOURCE,,SFDA,ESCALATE
FZ-02435-291729-551913,bf8dc461-a35b-4bd5-8c4f-d5515ff1e3ea,,DETERMINISTIC_SINGLE_SOURCE,,SFDA,ESCALATE
FZ-02436-294212-553119,dd912697-ac65-4c5b-b564-1c8eb47c3800,,DETERMINISTIC_SINGLE_SOURCE,,SFDA,ESCALATE
FZ-02437-294178-553104,e6ecfd25-8a8e-4ed8-bcd2-39299ea0e6bf,,DETERMINISTIC_SINGLE_SOURCE,,SFDA,ESCALATE
FZ-02438-288909-550754,fb936144-60e5-42dd-b172-98ccbf702c38,,DETERMINISTIC_SINGLE_SOURCE,,SFDA,ESCALATE
FZ-02439-301267-556083,d70d5b43-b19f-4c8e-8223-8d7b6996275d,,DETERMINISTIC_SINGLE_SOURCE,,SFDA,ESCALATE
FZ-02440-303252-371325,5ca6c16b-a11f-4e02-b2cf-476d0a8298ba,,DETERMINISTIC_SINGLE_SOURCE,,SFDA,ESCALATE
FZ-02441-299407-555263,c0931bd7-68f4-4a85-89da-3b820b02242b,,DETERMINISTIC_SINGLE_SOURCE,,SFDA,ESCALATE
FZ-02445-297998-554700,2233ddb2-dbb6-4214-aeeb-d9254d856c39,,DETERMINISTIC_SINGLE_SOURCE,,SFDA,ESCALATE
FZ-02447-288652-550663,5f5e1960-e65f-42b5-a793-af0ee7a7ec05,,DETERMINISTIC_SINGLE_SOURCE,,SFDA,ESCALATE
FZ-02448-298000-554702,d83f6a50-7d43-4c6e-a6e9-a18111b705f6,,DETERMINISTIC_SINGLE_SOURCE,,SFDA,ESCALATE
FZ-02449-304852-557602,6e90a385-f82d-4477-a61f-99a66d19c2c7,,DETERMINISTIC_SINGLE_SOURCE,,SFDA,ESCALATE
FZ-02451-299734-555417,d8a34315-4204-48db-b227-da95e8dd45db,,DETERMINISTIC_SINGLE_SOURCE,,SFDA,ESCALATE
FZ-02452-299981-555548,8c5e985f-7062-4af9-a521-4e835cb33304,,DETERMINISTIC_SINGLE_SOURCE,,SFDA,ESCALATE
FZ-02453-301559-556192,9275a74f-096f-4386-8317-1551e49da4df,,DETERMINISTIC_SINGLE_SOURCE,,SFDA,ESCALATE
FZ-02454-301490-556163,d325f50f-6bdf-47ab-acdb-668aaa1f5d54,,DETERMINISTIC_SINGLE_SOURCE,,SFDA,ESCALATE
FZ-02455-294500-553250,62848eac-d12c-4967-a255-9eaac8d0844d,,DETERMINISTIC_SINGLE_SOURCE,,SFDA,ESCALATE
FZ-02456-293283-552736,07b53c2d-6dda-40a9-8ee6-d28554460637,,DETERMINISTIC_SINGLE_SOURCE,,SFDA,ESCALATE
FZ-02457-281937-294666,63211328-b47e-491d-a19f-bde2c18a17b6,3da2d150-17e0-439b-b9d7-8256e7cf5b89,REVIEW_REQUIRED,DETERMINISTIC_SINGLE_SOURCE,Suppliers,ESCALATE
FZ-02459-294666-492843,3da2d150-17e0-439b-b9d7-8256e7cf5b89,,DETERMINISTIC_SINGLE_SOURCE,,SFDA,ESCALATE
FZ-02460-224391-298542,a5d8f097-483a-492c-adb8-c9e8bb54518c,bf41cb39-ba94-4804-8124-9ec1d9635cf5,REVIEW_REQUIRED,DETERMINISTIC_SINGLE_SOURCE,Saudi Companies Directory,ESCALATE
FZ-02461-298601-554922,53d03551-a954-4409-ab96-b7af40abb05e,,DETERMINISTIC_SINGLE_SOURCE,,SFDA,ESCALATE
FZ-02462-290347-290348,9d41d491-71fe-411a-8480-d5a0e557d03f,95fd2fea-52cd-4f73-9d46-38490a030cc7,DETERMINISTIC_SINGLE_SOURCE,DETERMINISTIC_SINGLE_SOURCE,SFDA,HIGH_SEPARATE_CANDIDATE
FZ-02463-299671-299673,31185a51-2213-49b1-b93d-a96a82110477,31976114-bcbd-45f8-b1d7-2f242d15d05f,DETERMINISTIC_SINGLE_SOURCE,DETERMINISTIC_SINGLE_SOURCE,SFDA,HIGH_SEPARATE_CANDIDATE
FZ-02467-302002-556356,b1423212-7f9c-443d-ae53-2eebdfb67f56,,DETERMINISTIC_SINGLE_SOURCE,,SFDA,ESCALATE
FZ-02469-289209-550850,87ea6299-c489-4428-98fc-15e408c28311,,DETERMINISTIC_SINGLE_SOURCE,,SFDA,ESCALATE
FZ-02472-290729-551452,70f4525e-5ef8-4d90-a0a7-70c568e3eea2,,DETERMINISTIC_SINGLE_SOURCE,,SFDA,ESCALATE
FZ-02473-303251-303254,e16c0dd9-7931-4742-a4d6-94fd3ab85ee2,55ea3f67-bf91-4f2c-9862-9c9dcee9c3b5,DETERMINISTIC_SINGLE_SOURCE,DETERMINISTIC_SINGLE_SOURCE,SFDA,HIGH_SEPARATE_CANDIDATE
FZ-02474-303251-303255,e16c0dd9-7931-4742-a4d6-94fd3ab85ee2,748f4b8d-17ce-4037-b54e-3d5608b3663a,DETERMINISTIC_SINGLE_SOURCE,DETERMINISTIC_SINGLE_SOURCE,SFDA,HIGH_SEPARATE_CANDIDATE
FZ-02475-303254-303255,55ea3f67-bf91-4f2c-9862-9c9dcee9c3b5,748f4b8d-17ce-4037-b54e-3d5608b3663a,DETERMINISTIC_SINGLE_SOURCE,DETERMINISTIC_SINGLE_SOURCE,SFDA,HIGH_SEPARATE_CANDIDATE
FZ-02476-6480-292588,f4f83bc7-20a5-4c9d-8ba4-c49a4aeba7aa,52fc42e9-75a0-4dab-abdf-bdff39d350ec,REVIEW_REQUIRED,DETERMINISTIC_SINGLE_SOURCE,Saudi Companies Directory,ESCALATE
FZ-02478-292588-346508,52fc42e9-75a0-4dab-abdf-bdff39d350ec,,DETERMINISTIC_SINGLE_SOURCE,,SFDA,ESCALATE
FZ-02479-300661-555795,ce8a86d6-f3fc-4b26-b487-9dd421f2d2e8,,DETERMINISTIC_SINGLE_SOURCE,,SFDA,ESCALATE
FZ-02480-295168-553608,b28a6fec-653c-48f6-a061-74d972a03186,,DETERMINISTIC_SINGLE_SOURCE,,SFDA,ESCALATE
FZ-02481-297131-554353,8bee8e45-dd1f-44c6-bb3b-9629111d9130,,DETERMINISTIC_SINGLE_SOURCE,,SFDA,ESCALATE
FZ-02516-297034-346944,06e996ac-8c9d-432b-adb3-1bf4324bc686,,DETERMINISTIC_SINGLE_SOURCE,,SFDA,ESCALATE
FZ-02519-294064-553073,3e536975-b5e2-40d1-883f-6b9dc2f4c84e,,DETERMINISTIC_SINGLE_SOURCE,,SFDA,ESCALATE
FZ-02521-298096-554747,54ad8d54-e2e6-46eb-86af-333e3d3b81eb,,DETERMINISTIC_SINGLE_SOURCE,,SFDA,ESCALATE
FZ-02550-286170-549653,310fb643-5400-433f-87e1-f58981cee4d5,,DETERMINISTIC_SINGLE_SOURCE,,SFDA,ESCALATE
FZ-02555-301220-556058,d216c961-d399-429a-a554-920d85aaced4,,DETERMINISTIC_SINGLE_SOURCE,,SFDA,ESCALATE
FZ-02563-300886-555912,d47dc025-d943-4ff9-88f5-dc813de0ce72,,DETERMINISTIC_SINGLE_SOURCE,,SFDA,ESCALATE
FZ-02566-297311-554435,089df6d7-c877-4cef-b589-e9bf10639e89,,DETERMINISTIC_SINGLE_SOURCE,,SFDA,ESCALATE
FZ-02569-300833-555893,ac0ec8c1-8dc7-430e-b8f8-b6bcda49d456,,DETERMINISTIC_SINGLE_SOURCE,,SFDA,ESCALATE
FZ-02593-296747-554128,9fe7f473-1b22-4c02-96ff-a6409452ff7a,,DETERMINISTIC_SINGLE_SOURCE,,SFDA,ESCALATE
FZ-02594-287268-287970,251314b1-de62-41e3-a5db-5d257c35e26b,a803b89e-e42d-4e20-bb76-dcd8ac295f71,DETERMINISTIC_SINGLE_SOURCE,DETERMINISTIC_SINGLE_SOURCE,SFDA,HIGH_SEPARATE_CANDIDATE
FZ-02595-287268-343295,251314b1-de62-41e3-a5db-5d257c35e26b,,DETERMINISTIC_SINGLE_SOURCE,,SFDA,ESCALATE
FZ-02596-287970-343295,a803b89e-e42d-4e20-bb76-dcd8ac295f71,,DETERMINISTIC_SINGLE_SOURCE,,SFDA,ESCALATE
FZ-02652-302704-556664,895f144a-ed1c-44b7-8fb9-011314f80342,,DETERMINISTIC_SINGLE_SOURCE,,SFDA,ESCALATE
